{"study_hours": {"mean": 4.55412966859432, "std": 2.3466146611652845, "min": 1.0478987566606426, "max": 9.997263512314566}, "break_time": {"mean": 0.9214528704231456, "std": 0.4648948404536175, "min": 0.0028812516656145, "max": 1.9932207360563856}, "sleep_hours": {"mean": 7.545534284410948, "std": 1.2201855612300156, "min": 5.008132698242989, "max": 9.992373543529174}, "focus_score": {"mean": 6.265471737072788, "std": 2.0794313347785165, "min": 2.0212000255904217, "max": 9.988473020496336}, "previous_score": {"mean": 74.07300468059877, "std": 14.97092447263056, "min": 40.08187867190224, "max": 99.98398744646892}, "efficiency_base": {"mean": 117.69280433546427, "std": 52.91035332333831, "min": 27.637906839213144, "max": 327.296431619497}, "break_ratio": {"mean": 0.3062582714325865, "std": 0.2761210744763367, "min": 0.0003340704149432182, "max": 1.6611474889394982}, "sleep_focus_ratio": {"mean": 1.359642197505862, "std": 0.543036224131013, "min": 0.6132738729448867, "max": 3.8354377306086116}, "distraction_penalty": {"mean": 1.7916666666666667, "std": 0.7953940165885902, "min": 1.0, "max": 3.0}, "weekend_flag": {"mean": 0.36333333333333334, "std": 0.4813609902076733, "min": 0.0, "max": 1.0}}