{"study_hours": {"mean": 3.7119767327078694, "std": 2.088689745206199, "min": 1.0319325044404284, "max": 7.887128330883843}, "break_time": {"mean": 1.088508440886258, "std": 0.8084373711603219, "min": 0.0203875707773819, "max": 2.943424190778208}, "sleep_hours": {"mean": 7.3035639564322326, "std": 1.8782276655741332, "min": 4.014132610439435, "max": 9.83908748555237}, "focus_score": {"mean": 6.193806172297902, "std": 2.8387090716679784, "min": 1.092249700165663, "max": 9.760935678030515}, "previous_score": {"mean": 70.25826891799402, "std": 14.178508528691644, "min": 47.07954759246867, "max": 92.70664714916634}, "efficiency_base": {"mean": 128.8186859661258, "std": 58.38760720635371, "min": 27.242301748045538, "max": 279.3457631555099}, "break_ratio": {"mean": 0.5119750527572166, "std": 0.53944396239489, "min": 0.004295670610842668, "max": 1.9890628488265245}, "sleep_focus_ratio": {"mean": 1.5183967829269809, "std": 0.9699838831243255, "min": 0.8009303740318945, "max": 4.563773551912114}, "distraction_penalty": {"mean": 1.8666666666666667, "std": 0.8995528902176071, "min": 1.0, "max": 3.0}, "weekend_flag": {"mean": 0.16666666666666666, "std": 0.3790490217894517, "min": 0.0, "max": 1.0}}